region_id,area_km2,centroid_lat,centroid_lon,mean_change_db,median_change_db,max_change_db,min_change_db,temporal_consistency,change_direction,change_duration,observation_count
590,0.28050143737504163,11.038501739501953,75.89522552490234,4.040136814117432,2.7912368774414062,8.569055557250977,2.397707939147949,TRANSITIONAL,BACKSCATTER INCREASE,Fluctuating Backscatter Signal,6
627,1.0819341155894464,10.765379905700684,75.98651123046875,4.143321514129639,3.783964157104492,7.222716331481934,2.3573169708251953,TRANSITIONAL,BACKSCATTER INCREASE,Fluctuating Backscatter Signal,6
641,0.681217776482244,10.698334693908691,75.99481201171875,4.6362504959106445,4.566627502441406,6.830230712890625,2.3576297760009766,TRANSITIONAL,BACKSCATTER INCREASE,Fluctuating Backscatter Signal,6
661,0.2003581695536012,10.578646659851074,76.09854888916016,4.732582092285156,5.300811767578125,6.569954872131348,2.541071891784668,TRANSITIONAL,BACKSCATTER INCREASE,Fluctuating Backscatter Signal,6
667,0.3606447051964821,10.551523208618164,76.10684967041016,4.112935543060303,3.724419593811035,6.390253067016602,2.3741893768310547,TRANSITIONAL,BACKSCATTER INCREASE,Fluctuating Backscatter Signal,6
663,0.5610028747500833,10.573859214782715,76.10684967041016,3.75053334236145,3.6346845626831055,6.27116584777832,2.5690269470214844,TRANSITIONAL,BACKSCATTER INCREASE,Fluctuating Backscatter Signal,6
623,1.041862481678726,10.78134536743164,75.97199249267578,3.715510845184326,3.578216552734375,5.338152885437012,2.4039535522460938,TRANSITIONAL,BACKSCATTER INCREASE,Fluctuating Backscatter Signal,6
636,0.4007163391072024,10.735048294067383,75.98443603515625,3.976301670074463,4.1110920906066895,5.150760650634766,2.8989219665527344,TRANSITIONAL,BACKSCATTER INCREASE,Fluctuating Backscatter Signal,6
558,0.4808596069286428,11.10082721710205,75.87448120117188,3.1480977535247803,2.811899185180664,4.93343448638916,2.421515464782715,TRANSITIONAL,BACKSCATTER INCREASE,Fluctuating Backscatter Signal,6
638,1.041862481678726,10.719084739685059,76.05912780761719,3.4561030864715576,3.4073705673217773,4.778696060180664,2.4194469451904297,TRANSITIONAL,BACKSCATTER INCREASE,Fluctuating Backscatter Signal,6
620,0.520931240839363,10.79411792755127,75.97406768798828,3.0468294620513916,2.9077768325805664,4.614618301391602,2.464628219604492,TRANSITIONAL,BACKSCATTER INCREASE,Fluctuating Backscatter Signal,6
666,0.5610028747500833,10.56109619140625,76.10062408447266,3.300960063934326,3.28364896774292,4.475926399230957,2.506074905395508,TRANSITIONAL,BACKSCATTER INCREASE,Fluctuating Backscatter Signal,6
603,0.2404298034643214,11.008143424987793,75.89937591552734,3.3430135250091553,3.3176469802856445,4.388086318969727,2.544252395629883,TRANSITIONAL,BACKSCATTER INCREASE,Fluctuating Backscatter Signal,6
579,0.3205730712857619,11.067266464233398,75.91390228271484,3.450294017791748,3.387864589691162,4.351258277893066,2.5427465438842773,TRANSITIONAL,BACKSCATTER INCREASE,Fluctuating Backscatter Signal,6
633,0.2404298034643214,10.741433143615723,75.97821807861328,3.048003911972046,2.935469150543213,4.088966369628906,2.3788232803344727,TRANSITIONAL,BACKSCATTER INCREASE,Fluctuating Backscatter Signal,6
547,0.2003581695536012,11.11681079864502,75.86410522460938,2.9346280097961426,2.854611873626709,3.7090797424316406,2.477341651916504,TRANSITIONAL,BACKSCATTER INCREASE,Fluctuating Backscatter Signal,6
632,0.28050143737504163,10.741433143615723,75.99066162109375,2.9709584712982178,2.9029979705810547,3.5670690536499023,2.39547061920166,TRANSITIONAL,BACKSCATTER INCREASE,Fluctuating Backscatter Signal,6
233,0.2003581695536012,11.52626895904541,75.99688720703125,2.7538833618164062,2.6369380950927734,3.4902167320251465,2.4426517486572266,TRANSITIONAL,BACKSCATTER INCREASE,Fluctuating Backscatter Signal,6
183,1.362435552964488,11.582294464111328,75.97821807861328,2.6365880966186523,2.563234806060791,3.426730155944824,2.3683595657348633,TRANSITIONAL,BACKSCATTER INCREASE,Fluctuating Backscatter Signal,6
98,0.2404298034643214,11.662349700927734,75.92219543457031,2.7734744548797607,2.6917872428894043,3.40231990814209,2.414701461791992,TRANSITIONAL,BACKSCATTER INCREASE,Fluctuating Backscatter Signal,6
29,0.2003581695536012,11.740825653076172,75.92219543457031,2.8102757930755615,2.8138160705566406,3.322263717651367,2.3487749099731445,TRANSITIONAL,BACKSCATTER INCREASE,Fluctuating Backscatter Signal,6
328,0.3205730712857619,11.441451072692871,75.94087219238281,2.668240547180176,2.632873296737671,3.26499080657959,2.3893308639526367,TRANSITIONAL,BACKSCATTER INCREASE,Fluctuating Backscatter Signal,6
130,0.5610028747500833,11.643134117126465,76.00103759765625,2.692718982696533,2.6852667331695557,3.250546932220459,2.3912458419799805,TRANSITIONAL,BACKSCATTER INCREASE,Fluctuating Backscatter Signal,6
536,0.5610028747500833,11.142385482788086,75.85995483398438,2.590240716934204,2.560241222381592,3.1874208450317383,2.3526034355163574,TRANSITIONAL,BACKSCATTER INCREASE,Fluctuating Backscatter Signal,6
165,0.3205730712857619,11.604707717895508,75.97614288330078,2.7272191047668457,2.6623921394348145,3.173643112182617,2.4095516204833984,TRANSITIONAL,BACKSCATTER INCREASE,Fluctuating Backscatter Signal,6
91,0.6010745086608036,11.667153358459473,75.94917297363281,2.7697834968566895,2.740589141845703,3.1723575592041016,2.437479019165039,TRANSITIONAL,BACKSCATTER INCREASE,Fluctuating Backscatter Signal,6
357,0.4007163391072024,11.404651641845703,75.93464660644531,2.564554214477539,2.510369300842285,3.1345977783203125,2.3812828063964844,TRANSITIONAL,BACKSCATTER INCREASE,Fluctuating Backscatter Signal,6
198,0.2003581695536012,11.563084602355957,75.96991729736328,2.7183144092559814,2.773127555847168,3.1243343353271484,2.397266387939453,TRANSITIONAL,BACKSCATTER INCREASE,Fluctuating Backscatter Signal,6
20,0.2003581695536012,11.745631217956543,76.01970672607422,2.619990825653076,2.5816378593444824,3.101378917694092,2.362046241760254,TRANSITIONAL,BACKSCATTER INCREASE,Fluctuating Backscatter Signal,6
317,0.7613610443036845,11.455852508544922,75.95539093017578,2.645423412322998,2.646328926086426,3.0894775390625,2.356205463409424,TRANSITIONAL,BACKSCATTER INCREASE,Fluctuating Backscatter Signal,6
